"Time (ms)";"joelho";"Quadril"
"0";"96,10835";"84,74954"
"17";"96,09917";"84,73128"
"34";"96,12542";"84,7337"
"51";"96,20546";"84,76611"
"68";"96,34181";"84,8286"
"85";"96,53087";"84,9193"
"102";"96,76418";"85,03506"
"119";"97,02397";"85,16744"
"136";"97,28137";"85,30074"
"153";"97,50203";"85,41496"
"170";"97,65793";"85,49365"
"187";"97,73829";"85,53152"
"204";"97,75256";"85,53622"
"221";"97,72416";"85,52313"
"238";"97,68002";"85,50763"
"255";"97,64312";"85,49991"
"272";"97,6304";"85,50475"
"289";"97,65404";"85,52412"
"306";"97,72261";"85,56012"
"323";"97,84033";"85,616"
"339";"98,00529";"85,69472"
"356";"98,20805";"85,79575"
"373";"98,43122";"85,91237"
"390";"98,65173";"86,03193"
"407";"98,84702";"86,1401"
"424";"99,00352";"86,22734"
"441";"99,12189";"86,29337"
"458";"99,21511";"86,34641"
"475";"99,30126";"86,39814"
"492";"99,39703";"86,45824"
"509";"99,51431";"86,53184"
"526";"99,65975";"86,6203"
"543";"99,83536";"86,72308"
"560";"100,0393";"86,83911"
"577";"100,2669";"86,96699"
"594";"100,5115";"87,10471"
"611";"100,7648";"87,24962"
"628";"101,0186";"87,39899"
"645";"101,2676";"87,55094"
"661";"101,5104";"87,70505"
"678";"101,7497";"87,86259"
"695";"101,9923";"88,02674"
"712";"102,2462";"88,20158"
"729";"102,5178";"88,39037"
"746";"102,811";"88,59463"
"763";"103,127";"88,81469"
"780";"103,4648";"89,05041"
"797";"103,8211";"89,30128"
"814";"104,1905";"89,56594"
"831";"104,567";"89,8419"
"848";"104,9455";"90,12634"
"865";"105,3235";"90,41712"
"882";"105,7";"90,71313"
"899";"106,0754";"91,01429"
"916";"106,4507";"91,32161"
"933";"106,8285";"91,63676"
"950";"107,2122";"91,96126"
"967";"107,6042";"92,29603"
"984";"108,0052";"92,64123"
"1000";"108,4143";"92,99673"
"1017";"108,8298";"93,3625"
"1034";"109,2501";"93,73858"
"1051";"109,675";"94,12651"
"1068";"110,1096";"94,53196"
"1085";"110,5646";"94,96655"
"1102";"111,0519";"95,44456"
"1119";"111,5727";"95,97039"
"1136";"112,1088";"96,52473"
"1153";"112,6308";"97,07391"
"1170";"113,1214";"97,5984"
"1187";"113,5831";"98,10245"
"1204";"114,0279";"98,59938"
"1221";"114,4655";"99,09905"
"1238";"114,9006";"99,6065"
"1255";"115,3345";"100,1243"
"1272";"115,7663";"100,6534"
"1289";"116,1945";"101,1921"
"1306";"116,6179";"101,7377"
"1323";"117,0368";"102,2886"
"1339";"117,4516";"102,8455"
"1356";"117,8619";"103,4104"
"1373";"118,2665";"103,9845"
"1390";"118,6639";"104,5668"
"1407";"119,0539";"105,155"
"1424";"119,4374";"105,7476"
"1441";"119,816";"106,3438"
"1458";"120,1906";"106,9446"
"1475";"120,5611";"107,5508"
"1492";"120,9258";"108,1631"
"1509";"121,2822";"108,7812"
"1526";"121,6282";"109,4043"
"1543";"121,9637";"110,0318"
"1560";"122,2905";"110,6629"
"1577";"122,6093";"111,2965"
"1594";"122,918";"111,9317"
"1611";"123,2142";"112,5683"
"1628";"123,4967";"113,2067"
"1645";"123,7653";"113,8472"
"1661";"124,0201";"114,4883"
"1678";"124,2615";"115,1283"
"1695";"124,4899";"115,765"
"1712";"124,7054";"116,3972"
"1729";"124,9078";"117,024"
"1746";"125,0969";"117,6451"
"1763";"125,2725";"118,2601"
"1780";"125,4331";"118,8675"
"1797";"125,5762";"119,4647"
"1814";"125,6998";"120,0493"
"1831";"125,8033";"120,6204"
"1848";"125,8871";"121,1782"
"1865";"125,9518";"121,7228"
"1882";"125,9972";"122,2532"
"1899";"126,0226";"122,7678"
"1916";"126,0279";"123,2662"
"1933";"126,0133";"123,7488"
"1950";"125,9775";"124,2147"
"1967";"125,9189";"124,6618"
"1984";"125,836";"125,0871"
"2000";"125,728";"125,4893"
"2017";"125,5947";"125,8693"
"2034";"125,4355";"126,2305"
"2051";"125,2495";"126,575"
"2068";"125,0352";"126,9003"
"2085";"124,7912";"127,1997"
"2102";"124,519";"127,4681"
"2119";"124,2222";"127,7036"
"2136";"123,9043";"127,9062"
"2153";"123,5654";"128,0757"
"2170";"123,2021";"128,2126"
"2187";"122,8097";"128,3172"
"2204";"122,3844";"128,3883"
"2221";"121,9258";"128,4242"
"2238";"121,437";"128,4237"
"2255";"120,9227";"128,3866"
"2272";"120,3857";"128,3137"
"2289";"119,8269";"128,2064"
"2306";"119,2471";"128,0661"
"2323";"118,6468";"127,8937"
"2339";"118,0256";"127,6902"
"2356";"117,3818";"127,4557"
"2373";"116,7137";"127,1888"
"2390";"116,0201";"126,8868"
"2407";"115,3007";"126,5489"
"2424";"114,5553";"126,1756"
"2441";"113,7843";"125,7683"
"2458";"112,9884";"125,3275"
"2475";"112,1687";"124,8528"
"2492";"111,3275";"124,3454"
"2509";"110,4689";"123,8088"
"2526";"109,5966";"123,2456"
"2543";"108,7112";"122,656"
"2560";"107,8109";"122,0397"
"2577";"106,8954";"121,398"
"2594";"105,9663";"120,7328"
"2611";"105,0267";"120,0438"
"2628";"104,0793";"119,3299"
"2645";"103,1257";"118,5922"
"2661";"102,1666";"117,8343"
"2678";"101,2017";"117,0596"
"2695";"100,2308";"116,2689"
"2712";"99,2541";"115,4602"
"2729";"98,2723";"114,6308"
"2746";"97,28731";"113,7808"
"2763";"96,30285";"112,9133"
"2780";"95,3233";"112,0326"
"2797";"94,35152";"111,1432"
"2814";"93,38781";"110,2483"
"2831";"92,4311";"109,35"
"2848";"91,481";"108,4487"
"2865";"90,53835";"107,5433"
"2882";"89,6045";"106,6315"
"2899";"88,68121";"105,7117"
"2916";"87,77087";"104,7854"
"2933";"86,87666";"103,8566"
"2950";"86,00192";"102,9303"
"2967";"85,14875";"102,0106"
"2984";"84,3176";"101,1007"
"3000";"83,50978";"100,2024"
"3017";"82,72821";"99,31588"
"3034";"81,97488";"98,44046"
"3051";"81,24963";"97,57569"
"3068";"80,55228";"96,72179"
"3085";"79,88447";"95,8787"
"3102";"79,24803";"95,04609"
"3119";"78,64301";"94,22449"
"3136";"78,06857";"93,41583"
"3153";"77,52503";"92,62258"
"3170";"77,01456";"91,84687"
"3187";"76,54086";"91,09069"
"3204";"76,1079";"90,35633"
"3221";"75,71748";"89,64629"
"3238";"75,36914";"88,96256"
"3255";"75,06273";"88,30633"
"3272";"74,79935";"87,6778"
"3289";"74,57978";"87,07685"
"3306";"74,40309";"86,50332"
"3323";"74,2671";"85,95682"
"3339";"74,17011";"85,43607"
"3356";"74,11207";"84,93892"
"3373";"74,09374";"84,46315"
"3390";"74,11518";"84,0073"
"3407";"74,17575";"83,57154"
"3424";"74,27465";"83,15747"
"3441";"74,41036";"82,76665"
"3458";"74,58068";"82,39951"
"3475";"74,784";"82,05607"
"3492";"75,01972";"81,73692"
"3509";"75,28759";"81,44345"
"3526";"75,58792";"81,17757"
"3543";"75,92213";"80,94057"
"3560";"76,29163";"80,73244"
"3577";"76,697";"80,55228"
"3594";"77,13923";"80,39906"
"3611";"77,61991";"80,27235"
"3628";"78,13943";"80,1722"
"3645";"78,69618";"80,09824"
"3661";"79,28677";"80,05009"
"3678";"79,90651";"80,02821"
"3695";"80,55041";"80,03356"
"3712";"81,21436";"80,06627"
"3729";"81,89602";"80,12531"
"3746";"82,59461";"80,20893"
"3763";"83,31041";"80,31531"
"3780";"84,04497";"80,44306"
"3797";"84,7997";"80,59164"
"3814";"85,5731";"80,76105"
"3831";"86,36087";"80,95187"
"3848";"87,15999";"81,1651"
"3865";"87,97112";"81,40128"
"3882";"88,79428";"81,66015"
"3899";"89,62507";"81,94122"
"3916";"90,45866";"82,24369"
"3933";"91,29512";"82,56631"
"3950";"92,13792";"82,90825"
"3967";"92,98947";"83,26948"
"3984";"93,84804";"83,6497"
"4000";"94,70866";"84,04822"
"4017";"95,56702";"84,46481"
"4034";"96,42206";"84,89977"
"4051";"97,27559";"85,35361"
"4068";"98,12993";"85,82693"
"4085";"98,98552";"86,31979"
"4102";"99,84081";"86,83144"
"4119";"100,6929";"87,36079"
"4136";"101,5379";"87,90649"
"4153";"102,3723";"88,46679"
"4170";"103,1948";"89,04029"
"4187";"104,0063";"89,62737"
"4204";"104,8079";"90,22913"
"4221";"105,5994";"90,84476"
"4238";"106,3794";"91,47147"
"4255";"107,1457";"92,1075"
"4272";"107,8973";"92,75323"
"4289";"108,6328";"93,40917"
"4306";"109,3504";"94,07352"
"4323";"110,0484";"94,7426"
"4339";"110,7274";"95,41365"
"4356";"111,3894";"96,0856"
"4373";"112,0356";"96,75774"
"4390";"112,6648";"97,42878"
"4407";"113,2754";"98,0973"
"4424";"113,8664";"98,76231"
"4441";"114,4371";"99,42345"
"4458";"114,9874";"100,0803"
"4475";"115,5185";"100,7315"
"4492";"116,0326";"101,376"
"4509";"116,5339";"102,0165"
"4526";"117,0295";"102,6635"
"4543";"117,5299";"103,3354"
"4560";"118,0449";"104,0532"
"4577";"118,5749";"104,8217"
"4594";"119,1008";"105,6105"
"4611";"119,5929";"106,3685"
"4628";"120,0339";"107,0664"
"4645";"120,4284";"107,7114"
"4661";"120,7905";"108,3258"
"4678";"121,1329";"108,9285"
"4695";"121,4637";"109,5301"
"4712";"121,7873";"110,1362"
"4729";"122,1051";"110,7501"
"4746";"122,4164";"111,374"
"4763";"122,7209";"112,0096"
"4780";"123,0196";"112,6588"
"4797";"123,3137";"113,3236"
"4814";"123,6033";"114,0053"
"4831";"123,8875";"114,7049"
"4848";"124,1654";"115,4231"
"4865";"124,4361";"116,1604"
"4882";"124,6982";"116,917"
"4899";"124,9489";"117,6927"
"4916";"125,184";"118,4858"
"4933";"125,3986";"119,2937"
"4950";"125,5876";"120,1133"
"4967";"125,7453";"120,9419"
"4984";"125,8655";"121,7768"
"5000";"125,9411";"122,6135"
"5017";"125,9652";"123,444"
"5034";"125,9327";"124,2536"
"5051";"125,8438";"125,019"
"5068";"125,7066";"125,7093"
"5085";"125,536";"126,2924"
"5102";"125,348";"126,7479"
"5119";"125,1545";"127,0803"
"5136";"124,9612";"127,3193"
"5153";"124,7695";"127,5061"
"5170";"124,578";"127,674"
"5187";"124,3824";"127,838"
"5204";"124,1759";"127,9974"
"5221";"123,9505";"128,1452"
"5238";"123,7003";"128,2759"
"5255";"123,4209";"128,3887"
"5272";"123,1078";"128,4851"
"5289";"122,7543";"128,5672"
"5306";"122,3515";"128,6348"
"5323";"121,889";"128,6838"
"5339";"121,355";"128,7034"
"5356";"120,7366";"128,6767"
"5373";"120,0218";"128,5826"
"5390";"119,2067";"128,402"
"5407";"118,3041";"128,1255"
"5424";"117,3513";"127,7594"
"5441";"116,406";"127,3302"
"5458";"115,5278";"126,8815"
"5475";"114,7503";"126,4566"
"5492";"114,0659";"126,0789"
"5509";"113,4336";"125,7426"
"5526";"112,8012";"125,4195"
"5543";"112,1253";"125,0712"
"5560";"111,381";"124,6627"
"5577";"110,5618";"124,172"
"5594";"109,6748";"123,5958"
"5611";"108,7357";"122,9476"
"5628";"107,7659";"122,252"
"5645";"106,7891";"121,5368"
"5661";"105,8263";"120,8257"
"5678";"104,8889";"120,1311"
"5695";"103,9755";"119,4511"
"5712";"103,0729";"118,7708"
"5729";"102,1622";"118,0688"
"5746";"101,2255";"117,3251"
"5763";"100,2513";"116,5269"
"5780";"99,23824";"115,6724"
"5797";"98,19427";"114,7705"
"5814";"97,13361";"113,8379"
"5831";"96,07313";"112,8928"
"5848";"95,02711";"111,9488"
"5865";"94,0024";"111,0114"
"5882";"92,99751";"110,0785"
"5899";"92,00575";"109,1431"
"5916";"91,01899";"108,1959"
"5933";"90,03009";"107,2286"
"5950";"89,03462";"106,2358"
"5967";"88,03166";"105,2164"
"5984";"87,02448";"104,1737"
"6000";"86,02063";"103,1148"
"6017";"85,02999";"102,0489"
"6034";"84,06155";"100,9845"
"6051";"83,12079";"99,92783"
"6068";"82,20969";"98,88252"
"6085";"81,32918";"97,85005"
"6102";"80,48099";"96,83036"
"6119";"79,66738";"95,82246"
"6136";"78,89098";"94,8253"
"6153";"78,15504";"93,83895"
"6170";"77,46304";"92,8654"
"6187";"76,81813";"91,90797"
"6204";"76,22295";"90,97008"
"6221";"75,68";"90,0547"
"6238";"75,1924";"89,16547"
"6255";"74,76511";"88,30779"
"6272";"74,4042";"87,48807"
"6289";"74,11391";"86,71149"
"6306";"73,89546";"85,98089"
"6323";"73,74859";"85,29735"
"6339";"73,67303";"84,66064"
"6356";"73,66879";"84,06944"
"6373";"73,73575";"83,52197"
"6390";"73,87254";"83,01667"
"6407";"74,07678";"82,55226"
"6424";"74,34578";"82,1277"
"6441";"74,6766";"81,74209"
"6458";"75,06646";"81,39468"
"6475";"75,5129";"81,08508"
"6492";"76,01389";"80,81353"
"6509";"76,56842";"80,58127"
"6526";"77,17674";"80,39056"
"6543";"77,83931";"80,24393"
"6560";"78,55515";"80,14268"
"6577";"79,32101";"80,08617"
"6594";"80,13147";"80,0723"
"6611";"80,98077";"80,09898"
"6628";"81,8652";"80,16516"
"6645";"82,78345";"80,27106"
"6661";"83,73591";"80,41769"
"6678";"84,72359";"80,60638"
"6695";"85,74701";"80,83839"
"6712";"86,80508";"81,11426"
"6729";"87,895";"81,43325"
"6746";"89,01254";"81,79366"
"6763";"90,15318";"82,19381"
"6780";"91,31377";"82,63347"
"6797";"92,49354";"83,11402"
"6814";"93,69286";"83,63673"
"6831";"94,91157";"84,20161"
"6848";"96,14823";"84,80869"
"6865";"97,39992";"85,4594"
"6882";"98,66097";"86,15574"
"6899";"99,92295";"86,89831"
"6916";"101,1765";"87,68486"
"6933";"102,4152";"88,51099"
"6950";"103,6371";"89,37222"
"6967";"104,8433";"90,26584"
"6984";"106,0346";"91,19292"
"7000";"107,2104";"92,1576"
"7017";"108,3699";"93,16312"
"7034";"109,512";"94,20988"
"7051";"110,6365";"95,29665"
"7068";"111,742";"96,4201"
"7085";"112,8246";"97,57466"
"7102";"113,8789";"98,75529"
"7119";"114,9013";"99,95883"
"7136";"115,8899";"101,1823"
"7153";"116,844";"102,4222"
"7170";"117,7622";"103,6758"
"7187";"118,6419";"104,9412"
"7204";"119,4798";"106,215"
"7221";"120,273";"107,491"
"7238";"121,0189";"108,7617"
"7255";"121,7152";"110,022"
"7272";"122,3619";"111,2716"
"7289";"122,96";"112,5117"
"7306";"123,5105";"113,7404"
"7323";"124,0131";"114,954"
"7339";"124,4666";"116,149"
"7356";"124,8687";"117,3232"
"7373";"125,2159";"118,4746"
"7390";"125,5043";"119,6017"
"7407";"125,73";"120,702"
"7424";"125,8882";"121,7702"
"7441";"125,9724";"122,7985"
"7458";"125,975";"123,7786"
"7475";"125,8888";"124,702"
"7492";"125,7079";"125,5586"
"7509";"125,4289";"126,3366"
"7526";"125,0532";"127,0213"
"7543";"124,5913";"127,5962"
"7560";"124,0631";"128,0457"
"7577";"123,4934";"128,3618"
"7594";"122,9045";"128,552"
"7611";"122,3098";"128,6405"
"7628";"121,7122";"128,6581"
"7645";"121,1064";"128,6268"
"7661";"120,4826";"128,5527"
"7678";"119,8308";"128,432"
"7695";"119,1425";"128,2599"
"7712";"118,4095";"128,0347"
"7729";"117,6215";"127,7538"
"7746";"116,7663";"127,4115"
"7763";"115,8331";"127,0005"
"7780";"114,8143";"126,5127"
"7797";"113,7051";"125,9386"
"7814";"112,5032";"125,268"
"7831";"111,2085";"124,4915"
"7848";"109,8245";"123,6036"
"7865";"108,3607";"122,6067"
"7882";"106,8388";"121,5156"
"7899";"105,2958";"120,3585"
"7916";"103,7797";"119,1755"
"7933";"102,3364";"118,012"
"7950";"100,9947";"116,9073"
"7967";"99,75594";"115,879"
"7984";"98,59623";"114,9158"
"8000";"97,47764";"113,9841"
"8017";"96,36301";"113,0429"
"8034";"95,22569";"112,0578"
"8051";"94,05193";"111,0092"
"8068";"92,83724";"109,8905"
"8085";"91,57974";"108,7013"
"8102";"90,27353";"107,4357"
"8119";"88,90678";"106,0773"
"8136";"87,47063";"104,607"
"8153";"85,98613";"103,0396"
"8170";"84,52753";"101,4582"
"8187";"83,18952";"99,97694"
"8204";"82,01965";"98,65531"
"8221";"81,00147";"97,47375"
"8238";"80,09148";"96,37862"
"8255";"79,25136";"95,3223"
"8272";"78,4583";"94,2758"
"8289";"77,70396";"93,22755"
"8306";"76,98989";"92,17781"
"8323";"76,32281";"91,13438"
"8339";"75,71117";"90,10968"
"8356";"75,16338";"89,11815"
"8373";"74,68743";"88,17346"
"8390";"74,291";"87,28667"
"8407";"73,98098";"86,46439"
"8424";"73,76141";"85,70749"
"8441";"73,63187";"85,01206"
"8458";"73,58855";"84,37208"
"8475";"73,62698";"83,78197"
"8492";"73,744";"83,23808"
"8509";"73,93756";"82,73864"
"8526";"74,2047";"82,28302"
"8543";"74,5414";"81,87112"
"8560";"74,94444";"81,50294"
"8577";"75,41288";"81,17812"
"8594";"75,94824";"80,89603"
"8611";"76,55317";"80,65673"
"8628";"77,22841";"80,4617"
"8645";"77,97011";"80,3131"
"8661";"78,76978";"80,21272"
"8678";"79,61747";"80,16158"
"8695";"80,50527";"80,1599"
"8712";"81,42984";"80,20748"
"8729";"82,39271";"80,30422"
"8746";"83,3982";"80,45032"
"8763";"84,44973";"80,64577"
"8780";"85,54752";"80,88987"
"8797";"86,68922";"81,18155"
"8814";"87,87199";"81,52042"
"8831";"89,09369";"81,90768"
"8848";"90,35204";"82,34586"
"8865";"91,6431";"82,8372"
"8882";"92,96054";"83,382"
"8899";"94,2971";"83,97926"
"8916";"95,64689";"84,62825"
"8933";"97,00686";"85,32905"
"8950";"98,37576";"86,08171"
"8967";"99,75185";"86,88612"
"8984";"101,1318";"87,74236"
"9000";"102,5115";"88,65113"
"9017";"103,888";"89,61406"
"9034";"105,26";"90,63307"
"9051";"106,6265";"91,70969"
"9068";"107,9851";"92,84447"
"9085";"109,33";"94,03596"
"9102";"110,6537";"95,28062"
"9119";"111,9494";"96,57479"
"9136";"113,2125";"97,91616"
"9153";"114,4392";"99,30212"
"9170";"115,625";"100,7279"
"9187";"116,7656";"102,1879"
"9204";"117,8583";"103,6784"
"9221";"118,9017";"105,1973"
"9238";"119,8942";"106,7419"
"9255";"120,8324";"108,3084"
"9272";"121,7107";"109,8931"
"9289";"122,5226";"111,4899"
"9306";"123,2617";"113,0869"
"9323";"123,9207";"114,6659"
"9339";"124,4941";"116,2089"
"9356";"124,978";"117,7016"
"9373";"125,3691";"119,1301"
"9390";"125,6639";"120,4782"
"9407";"125,86";"121,7314"
"9424";"125,9568";"122,8823"
"9441";"125,9529";"123,9305"
"9458";"125,8459";"124,8782"
"9475";"125,6335";"125,7263"
"9492";"125,316";"126,4727"
"9509";"124,8967";"127,1131"
"9526";"124,3808";"127,6421"
"9543";"123,7732";"128,0541"
"9560";"123,0769";"128,3443"
"9577";"122,2946";"128,5098"
"9594";"121,4311";"128,5518"
"9611";"120,4931";"128,4762"
"9628";"119,4876";"128,2925"
"9645";"118,4209";"128,0094"
"9661";"117,2978";"127,632"
"9678";"116,1221";"127,1618"
"9695";"114,8959";"126,5993"
"9712";"113,6208";"125,9461"
"9729";"112,2978";"125,2061"
"9746";"110,9286";"124,3842"
"9763";"109,5163";"123,4846"
"9780";"108,0656";"122,5111"
"9797";"106,5812";"121,4672"
"9814";"105,0679";"120,3567"
"9831";"103,5322";"119,1842"
"9848";"101,9836";"117,9575"
"9865";"100,4353";"116,6886"
"9882";"98,90089";"115,3912"
"9899";"97,39095";"114,0779"
"9916";"95,91104";"112,758"
"9933";"94,46325";"111,4378"
"9950";"93,04919";"110,1219"
"9967";"91,67117";"108,8126"
"9984";"90,33096";"107,5096"
"10000";"89,02843";"106,2108"
"10017";"87,76192";"104,9157"
"10034";"86,52991";"103,626"
"10051";"85,33238";"102,3447"
"10068";"84,17074";"101,074"
"10085";"83,04771";"99,81625"
"10102";"81,96775";"98,5742"
"10119";"80,93704";"97,35123"
"10136";"79,96171";"96,15044"
"10153";"79,0462";"94,97456"
"10170";"78,19403";"93,82603"
"10187";"77,40897";"92,70669"
"10204";"76,69555";"91,61799"
"10221";"76,05833";"90,5621"
"10238";"75,50182";"89,54363"
"10255";"75,03033";"88,5707"
"10272";"74,64688";"87,65359"
"10289";"74,3522";"86,80098"
"10306";"74,14491";"86,01756"
"10323";"74,02297";"85,30413"
"10339";"73,98377";"84,6578"
"10356";"74,02354";"84,07219"
"10373";"74,13768";"83,53913"
"10390";"74,32104";"83,0509"
"10407";"74,56837";"82,60181"
"10424";"74,87567";"82,18898"
"10441";"75,24114";"81,81193"
"10458";"75,66565";"81,47169"
"10475";"76,15253";"81,16954"
"10492";"76,70638";"80,90683"
"10509";"77,33175";"80,68558"
"10526";"78,03171";"80,50888"
"10543";"78,80524";"80,38027"
"10560";"79,64467";"80,30261"
"10577";"80,5363";"80,27723"
"10594";"81,46532";"80,30386"
"10611";"82,4213";"80,38143"
"10628";"83,4015";"80,50893"
"10645";"84,41057";"80,68594"
"10661";"85,45744";"80,91248"
"10678";"86,55018";"81,18839"
"10695";"87,69231";"81,5132"
"10712";"88,88205";"81,88705"
"10729";"90,1147";"82,31114"
"10746";"91,38522";"82,78736"
"10763";"92,68848";"83,31705"
"10780";"94,01835";"83,90026"
"10797";"95,36766";"84,53603"
"10814";"96,72837";"85,22285"
"10831";"98,09225";"85,95841"
"10848";"99,45266";"86,74002"
"10865";"100,8065";"87,56625"
"10882";"102,1551";"88,43905"
"10899";"103,5015";"89,36311"
"10916";"104,8466";"90,34286"
"10933";"106,1886";"91,38113"
"10950";"107,5257";"92,48019"
"10967";"108,8562";"93,64155"
"10984";"110,1766";"94,86407"
"11000";"111,4807";"96,14446"
"11017";"112,7618";"97,47976"
"11034";"114,014";"98,86761"
"11051";"115,2319";"100,3047"
"11068";"116,4108";"101,7852"
"11085";"117,5456";"103,2999"
"11102";"118,6292";"104,8381"
"11119";"119,6549";"106,392"
"11136";"120,6177";"107,9578"
"11153";"121,514";"109,5315"
"11170";"122,3397";"111,1061"
"11187";"123,0907";"112,6742"
"11204";"123,7637";"114,2291"
"11221";"124,3549";"115,7622"
"11238";"124,8606";"117,2618"
"11255";"125,2775";"118,7123"
"11272";"125,6012";"120,0949"
"11289";"125,8255";"121,3897"
"11306";"125,9464";"122,5817"
"11323";"125,9633";"123,6648"
"11339";"125,8795";"124,6404"
"11356";"125,6988";"125,5135"
"11373";"125,4237";"126,2879"
"11390";"125,0544";"126,9648"
"11407";"124,5901";"127,5416"
"11424";"124,0315";"128,0128"
"11441";"123,382";"128,3699"
"11458";"122,6477";"128,6057"
"11475";"121,8368";"128,7173"
"11492";"120,9563";"128,7077"
"11509";"120,0082";"128,5826"
"11526";"118,9849";"128,3447"
"11543";"117,8653";"127,9864"
"11560";"116,6146";"127,4854"
"11577";"115,1965";"126,8127"
"11594";"113,6079";"125,9602"
"11611";"111,9169";"124,9708"
"11628";"110,2335";"123,9204"
"11645";"108,6292";"122,8622"
"11661";"107,106";"121,8045"
"11678";"105,6319";"120,7329"
"11695";"104,1747";"119,6316"
"11712";"102,714";"118,4908"
"11729";"101,2422";"117,307"
"11746";"99,76073";"116,0822"
"11763";"98,27484";"114,8208"
"11780";"96,79038";"113,5287"
"11797";"95,31313";"112,2125"
"11814";"93,84853";"110,8784"
"11831";"92,40195";"109,5314"
"11848";"90,97878";"108,1753"
"11865";"89,58447";"106,8139"
"11882";"88,22421";"105,4517"
"11899";"86,90203";"104,094"
"11916";"85,62029";"102,7445"
"11933";"84,3813";"101,4053"
"11950";"83,18982";"100,0799"
"11967";"82,05304";"98,77477"
"11984";"80,97787";"97,49722"
"12000";"79,96899";"96,25326"
"12017";"79,02998";"95,0468"
"12034";"78,16454";"93,88071"
"12051";"77,37575";"92,7579"
"12068";"76,66466";"91,68079"
"12085";"76,03121";"90,65042"
"12102";"75,47626";"89,6664"
"12119";"75,00157";"88,72777"
"12136";"74,60863";"87,83375"
"12153";"74,29805";"86,98466"
"12170";"74,06934";"86,18251"
"12187";"73,92196";"85,43062"
"12204";"73,85635";"84,73247"
"12221";"73,87247";"84,09015"
"12238";"73,96736";"83,50347"
"12255";"74,13554";"82,97091"
"12272";"74,3721";"82,49067"
"12289";"74,67403";"82,0607"
"12306";"75,03888";"81,6784"
"12323";"75,46406";"81,34103"
"12339";"75,9482";"81,04677"
"12356";"76,49283";"80,79541"
"12373";"77,10271";"80,58813"
"12390";"77,78468";"80,42685"
"12407";"78,54466";"80,31357"
"12424";"79,38538";"80,2505"
"12441";"80,30432";"80,23988"
"12458";"81,29226";"80,28333"
"12475";"82,33321";"80,3806"
"12492";"83,40844";"80,52936"
"12509";"84,50294";"80,72663"
"12526";"85,61044";"80,97035"
"12543";"86,73327";"81,25996"
"12560";"87,87806";"81,59581"
"12577";"89,0507";"81,97839"
"12594";"90,25356";"82,4076"
"12611";"91,48557";"82,88266"
"12628";"92,7439";"83,40267"
"12645";"94,02552";"83,96706"
"12661";"95,32796";"84,57639"
"12678";"96,64926";"85,23315"
"12695";"97,98705";"85,94133"
"12712";"99,33739";"86,70464"
"12729";"100,6942";"87,52426"
"12746";"102,0496";"88,39781"
"12763";"103,3962";"89,32111"
"12780";"104,7294";"90,29045"
"12797";"106,0469";"91,303"
"12814";"107,3466";"92,35769"
"12831";"108,6273";"93,45641"
"12848";"109,8882";"94,60244"
"12865";"111,1299";"95,79758"
"12882";"112,3529";"97,04174"
"12899";"113,5543";"98,33197"
"12916";"114,7267";"99,66251"
"12933";"115,8613";"101,0297"
"12950";"116,952";"102,4341"
"12967";"117,9967";"103,8745"
"12984";"118,994";"105,341"
"13000";"119,9405";"106,8169"
"13017";"120,8308";"108,2902"
"13034";"121,6614";"109,7614"
"13051";"122,4315";"111,2396"
"13068";"123,1415";"112,7302"
"13085";"123,7882";"114,2257"
"13102";"124,3639";"115,7075"
"13119";"124,8597";"117,1541"
"13136";"125,2683";"118,5484"
"13153";"125,5851";"119,8759"
"13170";"125,8083";"121,1228"
"13187";"125,938";"122,2772"
"13204";"125,9755";"123,3309"
"13221";"125,9237";"124,2811"
"13238";"125,7875";"125,1306"
"13255";"125,5726";"125,8864"
"13272";"125,2829";"126,5555"
"13289";"124,919";"127,1418"
"13306";"124,4785";"127,645"
"13323";"123,9557";"128,0605"
"13339";"123,3438";"128,3807"
"13356";"122,6389";"128,597"
"13373";"121,8432";"128,7027"
"13390";"120,9645";"128,6933"
"13407";"120,0153";"128,567"
"13424";"119,0108";"128,3285"
"13441";"117,9659";"127,9905"
"13458";"116,8899";"127,5691"
"13475";"115,7839";"127,0755"
"13492";"114,6434";"126,5135"
"13509";"113,4632";"125,8817"
"13526";"112,2394";"125,177"
"13543";"110,9714";"124,3982"
"13560";"109,6622";"123,5476"
"13577";"108,3184";"122,6314"
"13594";"106,9484";"121,6586"
"13611";"105,5613";"120,6394"
"13628";"104,1637";"119,5822"
"13645";"102,7591";"118,491"
"13661";"101,3499";"117,3668"
"13678";"99,93926";"116,2102"
"13695";"98,5308";"115,0236"
"13712";"97,12758";"113,8111"
"13729";"95,73273";"112,5772"
"13746";"94,34988";"111,3266"
"13763";"92,98269";"110,0633"
"13780";"91,63458";"108,7909"
"13797";"90,30967";"107,513"
"13814";"89,01289";"106,2331"
"13831";"87,74886";"104,9546"
"13848";"86,5217";"103,6812"
"13865";"85,33588";"102,4172"
"13882";"84,19513";"101,1666"
"13899";"83,10133";"99,93182"
"13916";"82,05596";"98,71514"
"13933";"81,06163";"97,51914"
"13950";"80,12185";"96,347"
"13967";"79,24036";"95,20239"
"13984";"78,42027";"94,08858"
"14000";"77,66357";"93,00739"
"14017";"76,97209";"91,96004"
"14034";"76,34779";"90,94851"
"14051";"75,79212";"89,97587"
"14068";"75,30645";"89,04573"
"14085";"74,8933";"88,16193"
"14102";"74,55576";"87,32808"
"14119";"74,2957";"86,54637"
"14136";"74,11343";"85,81651"
"14153";"74,00803";"85,13621"
"14170";"73,97723";"84,5024"
"14187";"74,01817";"83,91244"
"14204";"74,12894";"83,36491"
"14221";"74,30878";"82,85969"
"14238";"74,55706";"82,39727"
"14255";"74,8728";"81,97815"
"14272";"75,2543";"81,6024"
"14289";"75,69945";"81,26983"
"14306";"76,20667";"80,98066"
"14323";"76,77534";"80,7359"
"14339";"77,40533";"80,53714"
"14356";"78,09609";"80,38629"
"14373";"78,84578";"80,2852"
"14390";"79,6511";"80,23505"
"14407";"80,50789";"80,23586"
"14424";"81,41158";"80,28621"
"14441";"82,35782";"80,38373"
"14458";"83,34296";"80,52631"
"14475";"84,3646";"80,71284"
"14492";"85,42201";"80,94308"
"14509";"86,51608";"81,21737"
"14526";"87,6477";"81,53643"
"14543";"88,81583";"81,90112"
"14560";"90,01684";"82,31207"
"14577";"91,2457";"82,769"
"14594";"92,49717";"83,27088"
"14611";"93,76601";"83,81701"
"14628";"95,0478";"84,40803"
"14645";"96,33922";"85,04504"
"14661";"97,63727";"85,7281"
"14678";"98,93887";"86,45654"
"14695";"100,2413";"87,23023"
"14712";"101,5426";"88,04998"
"14729";"102,8407";"88,91686"
"14746";"104,1338";"89,8315"
"14763";"105,4201";"90,79388"
"14780";"106,6986";"91,8033"
"14797";"107,9673";"92,85847"
"14814";"109,223";"93,95981"
"14831";"110,4635";"95,11169"
"14848";"111,6868";"96,3183"
"14865";"112,8894";"97,57773"
"14882";"114,0651";"98,88329"
"14899";"115,2079";"100,2298"
"14916";"116,3136";"101,6155"
"14933";"117,38";"103,0382"
"14950";"118,4048";"104,4908"
"14967";"119,3851";"105,9625"
"14984";"120,3157";"107,4423"
"15000";"121,1895";"108,9217"
"15017";"122,0004";"110,3974"
"15034";"122,7456";"111,8709"
"15051";"123,4236";"113,34"
"15068";"124,031";"114,7925"
"15085";"124,5633";"116,2124"
"15102";"125,0159";"117,5905"
"15119";"125,3836";"118,9292"
"15136";"125,6606";"120,244"
"15153";"125,8405";"121,556"
"15170";"125,9175";"122,8622"
"15187";"125,8872";"124,105"
"15204";"125,7491";"125,1992"
"15221";"125,5093";"126,1002"
"15238";"125,1775";"126,8219"
"15255";"124,7625";"127,4004"
"15272";"124,27";"127,8634"
"15289";"123,7024";"128,2236"
"15306";"123,0602";"128,4834"
"15323";"122,3429";"128,6418"
"15339";"121,5514";"128,6984"
"15356";"120,6883";"128,654"
"15373";"119,7572";"128,5092"
"15390";"118,7623";"128,2641"
"15407";"117,7086";"127,9201"
"15424";"116,6023";"127,4818"
"15441";"115,45";"126,9553"
"15458";"114,2574";"126,3475"
"15475";"113,0286";"125,6649"
"15492";"111,7662";"124,9121"
"15509";"110,4726";"124,0934"
"15526";"109,1512";"123,2139"
"15543";"107,8046";"122,2781"
"15560";"106,4346";"121,2894"
"15577";"105,0434";"120,251"
"15594";"103,6351";"119,1669"
"15611";"102,2156";"118,0422"
"15628";"100,7919";"116,883"
"15645";"99,37178";"115,6964"
"15661";"97,96353";"114,4897"
"15678";"96,57371";"113,2688"
"15695";"95,20512";"112,0371"
"15712";"93,85747";"110,796"
"15729";"92,5304";"109,5468"
"15746";"91,22526";"108,2916"
"15763";"89,94415";"107,0315"
"15780";"88,68889";"105,766"
"15797";"87,4617";"104,4959"
"15814";"86,26637";"103,2251"
"15831";"85,10817";"101,9595"
"15848";"83,99288";"100,7054"
"15865";"82,92476";"99,46876"
"15882";"81,90658";"98,25456"
"15899";"80,94072";"97,06661"
"15916";"80,02909";"95,90701"
"15933";"79,17309";"94,77694"
"15950";"78,3757";"93,6782"
"15967";"77,64229";"92,61393"
"15984";"76,97846";"91,58777"
"16000";"76,38847";"90,60292"
"16017";"75,87386";"89,66118"
"16034";"75,43325";"88,76256"
"16051";"75,06491";"87,90681"
"16068";"74,76976";"87,09473"
"16085";"74,55066";"86,32792"
"16102";"74,40993";"85,6079"
"16119";"74,34834";"84,93571"
"16136";"74,36582";"84,31191"
"16153";"74,46149";"83,73661"
"16170";"74,63357";"83,20948"
"16187";"74,88025";"82,73032"
"16204";"75,1991";"82,29913"
"16221";"75,58578";"81,91566"
"16238";"76,03432";"81,579"
"16255";"76,53915";"81,28777"
"16272";"77,09678";"81,04078"
"16289";"77,70611";"80,83742"
"16306";"78,36806";"80,67741"
"16323";"79,08466";"80,56073"
"16339";"79,85784";"80,48768"
"16356";"80,68742";"80,45887"
"16373";"81,57001";"80,47485"
"16390";"82,49992";"80,53605"
"16407";"83,47118";"80,64266"
"16424";"84,47903";"80,79452"
"16441";"85,52101";"80,99164"
"16458";"86,59707";"81,23483"
"16475";"87,70841";"81,52565"
"16492";"88,85551";"81,86571"
"16509";"90,03673";"82,2559"
"16526";"91,24886";"82,69669"
"16543";"92,48897";"83,18863"
"16560";"93,75468";"83,73207"
"16577";"95,04344";"84,32703"
"16594";"96,35196";"84,97366"
"16611";"97,67583";"85,67239"
"16628";"99,00986";"86,42368"
"16645";"100,3491";"87,22722"
"16661";"101,6899";"88,0812"
"16678";"103,0284";"88,98283"
"16695";"104,3599";"89,92988"
"16712";"105,6804";"90,92226"
"16729";"106,988";"91,96215"
"16746";"108,2811";"93,05145"
"16763";"109,5578";"94,19026"
"16780";"110,8168";"95,37894"
"16797";"112,0564";"96,61816"
"16814";"113,2727";"97,90614"
"16831";"114,4602";"99,23891"
"16848";"115,6131";"100,6137"
"16865";"116,7276";"102,0282"
"16882";"117,7997";"103,4765"
"16899";"118,8249";"104,9505"
"16916";"119,7992";"106,444"
"16933";"120,7192";"107,9523"
"16950";"121,5803";"109,4699"
"16967";"122,3781";"110,9927"
"16984";"123,1108";"112,5187"
"17000";"123,7766";"114,042"
"17017";"124,3706";"115,5495"
"17034";"124,8853";"117,0235"
"17051";"125,3129";"118,4458"
"17068";"125,6468";"119,7992"
"17085";"125,883";"121,069"
"17102";"126,0194";"122,2455"
"17119";"126,0555";"123,3239"
"17136";"125,9946";"124,3033"
"17153";"125,8422";"125,1856"
"17170";"125,6028";"125,9731"
"17187";"125,2769";"126,6659"
"17204";"124,8619";"127,2614"
"17221";"124,3549";"127,7543"
"17238";"123,7557";"128,139"
"17255";"123,0679";"128,4114"
"17272";"122,2976";"128,5696"
"17289";"121,4506";"128,6118"
"17306";"120,5326";"128,5374"
"17323";"119,5491";"128,3515"
"17339";"118,506";"128,0651"
"17356";"117,407";"127,6879"
"17373";"116,2533";"127,2232"
"17390";"115,045";"126,6692"
"17407";"113,7829";"126,0239"
"17424";"112,4703";"125,2865"
"17441";"111,1131";"124,4607"
"17458";"109,7188";"123,5559"
"17475";"108,2964";"122,585"
"17492";"106,8534";"121,5592"
"17509";"105,3953";"120,4862"
"17526";"103,9274";"119,3708"
"17543";"102,4553";"118,2172"
"17560";"100,9838";"117,0287"
"17577";"99,51635";"115,8086"
"17594";"98,05557";"114,56"
"17611";"96,60473";"113,2873"
"17628";"95,16721";"111,9954"
"17645";"93,74557";"110,6878"
"17661";"92,34176";"109,3676"
"17678";"90,95881";"108,0383"
"17695";"89,60148";"106,7037"
"17712";"88,27544";"105,368"
"17729";"86,98686";"104,0367"
"17746";"85,74233";"102,7166"
"17763";"84,54736";"101,4135"
"17780";"83,40437";"100,1304"
"17797";"82,31419";"98,86876"
"17814";"81,27962";"97,63099"
"17831";"80,3054";"96,42036"
"17848";"79,39465";"95,23905"
"17865";"78,54728";"94,08741"
"17882";"77,76271";"92,96596"
"17899";"77,04321";"91,87711"
"17916";"76,39445";"90,82495"
"17933";"75,82335";"89,81443"
"17950";"75,33562";"88,85076"
"17967";"74,93417";"87,93861"
"17984";"74,61899";"87,08108"
"18000";"74,38778";"86,27921"
"18017";"74,23825";"85,53279"
"18034";"74,1692";"84,84129"
"18051";"74,17897";"84,20341"
"18068";"74,26466";"83,61718"
"18085";"74,42357";"83,08097"
"18102";"74,65417";"82,59368"
"18119";"74,95512";"82,15413"
"18136";"75,3246";"81,76119"
"18153";"75,76117";"81,41402"
"18170";"76,26494";"81,11205"
"18187";"76,83708";"80,85532"
"18204";"77,47887";"80,64491"
"18221";"78,19057";"80,48266"
"18238";"78,96979";"80,3708"
"18255";"79,81025";"80,31139"
"18272";"80,70338";"80,30574"
"18289";"81,64207";"80,35395"
"18306";"82,6236";"80,45545"
"18323";"83,64941";"80,60951"
"18339";"84,72178";"80,81533"
"18356";"85,84093";"81,07178"
"18373";"87,00473";"81,37774"
"18390";"88,20963";"81,73286"
"18407";"89,45094";"82,13772"
"18424";"90,72298";"82,59298"
"18441";"92,02058";"83,09913"
"18458";"93,3404";"83,65658"
"18475";"94,67934";"84,26447"
"18492";"96,03218";"84,91974"
"18509";"97,39261";"85,61916"
"18526";"98,75776";"86,36347"
"18543";"100,1332";"87,16094"
"18560";"101,5377";"88,03133"
"18577";"103,004";"89,00925"
"18594";"104,5676";"90,13718"
"18611";"106,2322";"91,43238"
"18628";"107,9347";"92,84766"
"18645";"109,5726";"94,29208"
"18661";"111,0788";"95,70438"
"18678";"112,452";"97,08364"
"18695";"113,725";"98,45921"
"18712";"114,9307";"99,85931"
"18729";"116,0903";"101,3"
"18746";"117,2118";"102,784"
"18763";"118,2933";"104,3038"
"18780";"119,3274";"105,8478"
"18797";"120,3053";"107,404"
"18814";"121,2192";"108,9618"
"18831";"122,0641";"110,5144"
"18848";"122,8358";"112,0556"
"18865";"123,5296";"113,576"
"18882";"124,143";"115,0645"
"18899";"124,6757";"116,5104"
"18916";"125,1248";"117,9025"
"18933";"125,4858";"119,231"
"18950";"125,7552";"120,489"
"18967";"125,9323";"121,6696"
"18984";"126,0187";"122,7665"
"19000";"126,0179";"123,7764"
"19017";"125,9324";"124,698"
"19034";"125,763";"125,5305"
"19051";"125,5102";"126,2724"
"19068";"125,1747";"126,9216"
"19085";"124,7574";"127,4766"
"19102";"124,2583";"127,9366"
"19119";"123,6739";"128,3007"
"19136";"122,9984";"128,5661"
"19153";"122,2245";"128,725"
"19170";"121,3458";"128,7665"
"19187";"120,359";"128,682"
"19204";"119,2666";"128,4673"
"19221";"118,0764";"128,12"
"19238";"116,8002";"127,6392"
"19255";"115,4566";"127,0303"
"19272";"114,0719";"126,31"
"19289";"112,6761";"125,5037"
"19306";"111,2935";"124,6407"
"19323";"109,9351";"123,7459"
"19339";"108,5965";"122,832"
"19356";"107,2628";"121,8963"
"19373";"105,9171";"120,9262"
"19390";"104,5479";"119,9083"
"19407";"103,1513";"118,8346"
"19424";"101,7293";"117,7037"
"19441";"100,2867";"116,5196"
"19458";"98,82975";"115,2887"
"19475";"97,36485";"114,0182"
"19492";"95,8989";"112,7164"
"19509";"94,44028";"111,3924"
"19526";"92,99942";"110,0559"
"19543";"91,58681";"108,7157"
"19560";"90,20989";"107,379"
"19577";"88,87238";"106,0515"
"19594";"87,57635";"104,7371"
"19611";"86,32395";"103,4388"
"19628";"85,11669";"102,1589"
"19645";"83,95587";"100,8984"
"19661";"82,84437";"99,6581"
"19678";"81,78626";"98,43905"
"19695";"80,78476";"97,24205"
"19712";"79,84149";"96,06779"
"19729";"78,95808";"94,91814"
"19746";"78,13749";"93,7965"
"19763";"77,38369";"92,70712"
"19780";"76,70121";"91,65461"
"19797";"76,09516";"90,64417"
"19814";"75,57019";"89,68089"
"19831";"75,1297";"88,76907"
"19848";"74,77591";"87,91214"
"19865";"74,50894";"87,11201"
"19882";"74,32565";"86,36823"
"19899";"74,22068";"85,6785"
"19916";"74,18839";"85,03986"
"19933";"74,22314";"84,44874"
"19950";"74,31892";"83,90134"
"19967";"74,47025";"83,39474"
"19984";"74,67332";"82,92742"
"20000";"74,9264";"82,49841"
"20017";"75,23035";"82,10652"
"20034";"75,589";"81,7505"
"20051";"76,00821";"81,42964"
"20068";"76,49535";"81,14455"
"20085";"77,05882";"80,89746"
"20102";"77,70586";"80,69195"
"20119";"78,43784";"80,53216"
"20136";"79,24513";"80,42136"
"20153";"80,10646";"80,36073"
"20170";"80,99658";"80,34958"
"20187";"81,89838";"80,38673"
"20204";"82,80981";"80,47192"
"20221";"83,74192";"80,60622"
"20238";"84,7104";"80,79077"
"20255";"85,72688";"81,02493"
"20272";"86,79465";"81,30595"
"20289";"87,91012";"81,63063"
"20306";"89,06707";"81,99731"
"20323";"90,26082";"82,40717"
"20339";"91,48937";"82,864"
"20356";"92,75116";"83,37215"
"20373";"94,04222";"83,93408"
"20390";"95,35483";"84,54928"
"20407";"96,67773";"85,21418"
"20424";"97,99844";"85,92266"
"20441";"99,3074";"86,66806"
"20458";"100,6018";"87,44698"
"20475";"101,8845";"88,26141"
"20492";"103,1612";"89,11777"
"20509";"104,4381";"90,02451"
"20526";"105,7194";"90,9884"
"20543";"107,0039";"92,01132"
"20560";"108,2856";"93,09141"
"20577";"109,5575";"94,22661"
"20594";"110,8137";"95,41624"
"20611";"112,0491";"96,65912"
"20628";"113,2576";"97,95042"
"20645";"114,433";"99,28201"
"20661";"115,5694";"100,6466"
"20678";"116,6623";"102,0396"
"20695";"117,709";"103,4579"
"20712";"118,709";"104,8988"
"20729";"119,6611";"106,359"
"20746";"120,5608";"107,8323"
"20763";"121,403";"109,31"
"20780";"122,1842";"110,7858"
"20797";"122,9025";"112,2574"
"20814";"123,5568";"113,7226"
"20831";"124,1444";"115,1738"
"20848";"124,6613";"116,6001"
"20865";"125,1023";"117,9906"
"20882";"125,4616";"119,3341"
"20899";"125,7326";"120,6172"
"20916";"125,9098";"121,8258"
"20933";"125,9907";"122,9466"
"20950";"125,9763";"123,9691"
"20967";"125,871";"124,8874"
"20984";"125,68";"125,7007"
"21000";"125,407";"126,4128"
"21017";"125,0527";"127,0295"
"21034";"124,6164";"127,5548"
"21051";"124,0974";"127,988"
"21068";"123,4936";"128,3233"
"21085";"122,8026";"128,553"
"21102";"122,0249";"128,6719"
"21119";"121,1662";"128,6793"
"21136";"120,2369";"128,5784"
"21153";"119,2478";"128,3743"
"21170";"118,2047";"128,0713"
"21187";"117,1097";"127,6724"
"21204";"115,9641";"127,1807"
"21221";"114,7716";"126,6008"
"21238";"113,5371";"125,9389"
"21255";"112,2642";"125,2021"
"21272";"110,9545";"124,3962"
"21289";"109,6109";"123,5265"
"21306";"108,2399";"122,5984"
"21323";"106,85";"121,6176"
"21339";"105,4461";"120,5883"
"21356";"104,0294";"119,5128"
"21373";"102,6001";"118,3923"
"21390";"101,1606";"117,2301"
"21407";"99,71541";"116,0308"
"21424";"98,26894";"114,7988"
"21441";"96,82569";"113,539"
"21458";"95,3906";"112,2574"
"21475";"93,96906";"110,9612"
"21492";"92,56622";"109,6565"
"21509";"91,18573";"108,3462"
"21526";"89,82967";"107,0303"
"21543";"88,50016";"105,7089"
"21560";"87,20045";"104,3848"
"21577";"85,9348";"103,063"
"21594";"84,70906";"101,7497"
"21611";"83,53078";"100,4513"
"21628";"82,40709";"99,17428"
"21645";"81,34194";"97,92351"
"21661";"80,33657";"96,70142"
"21678";"79,39316";"95,50927"
"21695";"78,51572";"94,34835"
"21712";"77,7081";"93,22009"
"21729";"76,97271";"92,12595"
"21746";"76,31105";"91,06829"
"21763";"75,725";"90,05086"
"21780";"75,21764";"89,07789"
"21797";"74,79235";"88,15247"
"21814";"74,45148";"87,27639"
"21831";"74,19625";"86,45154"
"21848";"74,027";"85,68049"
"21865";"73,94265";"84,96535"
"21882";"73,94101";"84,30659"
"21899";"74,01978";"83,70328"
"21916";"74,1768";"83,15372"
"21933";"74,40984";"82,65578"
"21950";"74,71659";"82,20721"
"21967";"75,09448";"81,80618"
"21984";"75,54052";"81,45142"
"22000";"76,05184";"81,14213"
"22017";"76,62611";"80,87788"
"22034";"77,26176";"80,65914"
"22051";"77,95795";"80,48743"
"22068";"78,7139";"80,36494"
"22085";"79,52892";"80,29395"
"22102";"80,40419";"80,27673"
"22119";"81,34613";"80,31625"
"22136";"82,36975";"80,41779"
"22153";"83,49989";"80,59084"
"22170";"84,76282";"80,84732"
"22187";"86,15844";"81,19196"
"22204";"87,63181";"81,6105"
"22221";"89,09612";"82,0752"
"22238";"90,49554";"82,56576"
"22255";"91,82948";"83,07889"
"22272";"93,12518";"83,6209"
"22289";"94,40938";"84,19946"
"22306";"95,69816";"84,82082"
"22323";"96,99818";"85,48909"
"22339";"98,30981";"86,2057"
"22356";"99,62878";"86,97011"
"22373";"100,9476";"87,78097"
"22390";"102,2579";"88,63593"
"22407";"103,5524";"89,53117"
"22424";"104,8262";"90,46261"
"22441";"106,0778";"91,42802"
"22458";"107,3075";"92,42717"
"22475";"108,5155";"93,4613"
"22492";"109,7016";"94,53262"
"22509";"110,8648";"95,64209"
"22526";"112,0019";"96,78598"
"22543";"113,1072";"97,95685"
"22560";"114,1732";"99,14838"
"22577";"115,1938";"100,3569"
"22594";"116,1656";"101,5782"
"22611";"117,0887";"102,8071"
"22628";"117,9662";"104,0393"
"22645";"118,8015";"105,2715"
"22661";"119,5961";"106,5002"
"22678";"120,3497";"107,7216"
"22695";"121,0604";"108,9322"
"22712";"121,7255";"110,1289"
"22729";"122,343";"111,3111"
"22746";"122,913";"112,4815"
"22763";"123,437";"113,6415"
"22780";"123,9156";"114,7891"
"22797";"124,3478";"115,9216"
"22814";"124,7312";"117,0359"
"22831";"125,0646";"118,1292"
"22848";"125,3475";"119,2"
"22865";"125,5776";"120,2465"
"22882";"125,7501";"121,2633"
"22899";"125,859";"122,2438"
"22916";"125,8993";"123,1826"
"22933";"125,8682";"124,0753"
"22950";"125,7627";"124,9161"
"22967";"125,5779";"125,6967"
"22984";"125,3071";"126,4083"
"23000";"124,9451";"127,0422"
"23017";"124,4887";"127,5892"
"23034";"123,9362";"128,0397"
"23051";"123,2857";"128,3821"
"23068";"122,5343";"128,6058"
"23085";"121,6806";"128,7036"
"23102";"120,727";"128,6728"
"23119";"119,679";"128,5124"
"23136";"118,5454";"128,2235"
"23153";"117,3359";"127,8111"
"23170";"116,0594";"127,2828"
"23187";"114,723";"126,6469"
"23204";"113,3336";"125,9099"
"23221";"111,8979";"125,0764"
"23238";"110,423";"124,1521"
"23255";"108,9174";"123,1464"
"23272";"107,3911";"122,072"
"23289";"105,8573";"120,944"
"23306";"104,3342";"119,7799"
"23323";"102,8444";"118,6011"
"23339";"101,4112";"117,4325"
"23356";"100,0509";"116,2968"
"23373";"98,7676";"115,2068"
"23390";"97,55162";"114,1615"
"23407";"96,38427";"113,1478"
"23424";"95,24551";"112,1466"
"23441";"94,12121";"111,1403"
"23458";"93,0052";"110,1184"
"23475";"91,89698";"109,0784"
"23492";"90,799";"108,0237"
"23509";"89,7151";"106,9613"
"23526";"88,64964";"105,8987"
"23543";"87,60699";"104,842"
"23560";"86,59063";"103,7945"
"23577";"85,60281";"102,7569"
"23594";"84,64543";"101,7283"
"23611";"83,72011";"100,7089"
"23628";"82,82848";"99,69971"
"23645";"81,97266";"98,70346"
"23661";"81,15524";"97,72317"
"23678";"80,37862";"96,76205"
"23695";"79,64512";"95,82308"
"23712";"78,95685";"94,90807"
"23729";"78,31419";"94,01628"
"23746";"77,71577";"93,14466"
"23763";"77,16";"92,28966"
"23780";"76,64635";"91,44902"
"23797";"76,17536";"90,6225"
"23814";"75,74887";"89,81129"
"23831";"75,37016";"89,01696"
"23848";"75,04356";"88,24088"
"23865";"74,77267";"87,48397"
"23882";"74,55965";"86,7466"
"23899";"74,40675";"86,02908"
"23916";"74,31855";"85,33252"
"23933";"74,30132";"84,65926"
"23950";"74,3598";"84,01316"
"23967";"74,49365";"83,40076"
"23984";"74,69534";"82,83276"
"24000";"74,95001";"82,32323"
"24017";"75,23899";"81,88647"
"24034";"75,54699";"81,53156"
"24051";"75,86743";"81,2568"
"24068";"76,20212";"81,04835"
"24085";"76,55766";"80,88589"
"24102";"76,94166";"80,75121"
"24119";"77,36018";"80,6335"
"24136";"77,81765";"80,52946"
"24153";"78,31704";"80,44058"
"24170";"78,85976";"80,37038"
"24187";"79,44615";"80,32302"
"24204";"80,07652";"80,30264"
"24221";"80,75084";"80,31303"
"24238";"81,46769";"80,35703"
"24255";"82,22372";"80,43566"
"24272";"83,01295";"80,54729"
"24289";"83,82632";"80,68781"
"24306";"84,65245";"80,85177"
"24323";"85,47971";"81,03409"
"24339";"86,29845";"81,23115"
"24356";"87,10188";"81,44074"
"24373";"87,88452";"81,66106"
"24390";"88,64025";"81,88952"
"24407";"89,36258";"82,1227"
"24424";"90,04688";"82,35697"
"24441";"90,69153";"82,58892"
"24458";"91,29745";"82,8159"
"24475";"91,86657";"83,03654"
"24492";"92,40078";"83,25067"
"24509";"92,90172";"83,45861"
"24526";"93,37002";"83,66032"
"24543";"93,80489";"83,85469"
"24560";"94,20576";"84,03993"
"24577";"94,57326";"84,21429"
"24594";"94,90754";"84,37639"
"24611";"95,20701";"84,52479"
"24628";"95,46931";"84,65778"
"24645";"95,69251";"84,77314"
"24661";"95,87493";"84,86807"
"24678";"96,01556";"84,9403"
"24695";"96,11632";"84,99008"
"24712";"96,18483";"85,02138"
"24729";"96,23618";"85,04247"
